[
{
"function": "minecraft:set_attributes",
"modifiers": [
{
  "attribute": "minecraft:generic.attack_speed",
  "name": "",
  "amount": 1.9,
  "operation": "addition",
  "slot": "mainhand"
},
{
  "attribute": "minecraft:generic.attack_damage",
  "name": "",
  "amount": 6.5,
  "operation": "addition",
  "slot": "mainhand"
}
],
"conditions": [
{
"condition": "minecraft:entity_scores",
"entity": "this",
"scores": {
"TCHA.Section1": 1
}
}
]
},
{
"function": "minecraft:set_attributes",
"modifiers": [
{
  "attribute": "minecraft:generic.attack_speed",
  "name": "",
  "amount": 2.2,
  "operation": "addition",
  "slot": "mainhand"
},
{
  "attribute": "minecraft:generic.attack_damage",
  "name": "",
  "amount": 6.5,
  "operation": "addition",
  "slot": "mainhand"
}
],
"conditions": [
{
"condition": "minecraft:entity_scores",
"entity": "this",
"scores": {
"TCHA.Section1": 2
}
}
]
},
{
"function": "minecraft:set_attributes",
"modifiers": [
{
  "attribute": "minecraft:generic.attack_speed",
  "name": "",
  "amount": 2.5,
  "operation": "addition",
  "slot": "mainhand"
},
{
  "attribute": "minecraft:generic.attack_damage",
  "name": "",
  "amount": 6.5,
  "operation": "addition",
  "slot": "mainhand"
}
],
"conditions": [
{
"condition": "minecraft:entity_scores",
"entity": "this",
"scores": {
"TCHA.Section1": 3
}
}
]
}

]