{
"condition": "minecraft:entity_properties",
"entity": "this",
"predicate": {
"equipment": {
"mainhand": {
"items": [
"minecraft:bow",
"minecraft:crossbow",
"upgradednetherite:fire_upgraded_netherite_bow",
"upgradednetherite:gold_upgraded_netherite_bow",
"upgradednetherite:ender_upgraded_netherite_bow",
"upgradednetherite:water_upgraded_netherite_bow",
"upgradednetherite:wither_upgraded_netherite_bow",
"upgradednetherite:poison_upgraded_netherite_bow",
"upgradednetherite:phantom_upgraded_netherite_bow",
"upgradednetherite:feather_upgraded_netherite_bow",
"upgradednetherite:corrupt_upgraded_netherite_bow",
"upgradednetherite:echo_upgraded_netherite_bow",
"upgradednetherite:netherite_bow",
"upgradednetherite:gold_upgraded_netherite_crossbow",
"upgradednetherite:fire_upgraded_netherite_crossbow",
"upgradednetherite:ender_upgraded_netherite_crossbow",
"upgradednetherite:water_upgraded_netherite_crossbow",
"upgradednetherite:wither_upgraded_netherite_crossbow",
"upgradednetherite:poison_upgraded_netherite_crossbow",
"upgradednetherite:phantom_upgraded_netherite_crossbow",
"upgradednetherite:feather_upgraded_netherite_crossbow",
"upgradednetherite:corrupt_upgraded_netherite_crossbow",
"upgradednetherite:echo_upgraded_netherite_crossbow",
"upgradednetherite:netherite_crossbow"
]
}
}
}
}